<application>
  <component name="MaterialThemeConfig">
    <option name="highlightColorEnabled" value="true" />
    <option name="isHighlightColorEnabled" value="true" />
    <option name="isWizardShown" value="true" />
    <option name="overrideAccentColor" value="false" />
    <option name="pristineConfig" value="false" />
    <option name="statusBarTheme" value="false" />
    <option name="useColoredDirectories" value="false" />
    <option name="userId" value="-339b33fa:173a530775f:-8000" />
    <option name="version" value="5.2.0" />
    <option name="tabHighlightPosition" value="Left" />
    <option name="codeAdditionsEnabled" value="false" />
  </component>
</application>